"Commodity","Date","Market","Origin","Variety","Sub-Variety","Package","Item Size","Unit of Sale","Environment","Grade","Product Type","High Price","Low Price","Avg Price"
"TOMATILLOS","22/06/19","CHICAGO","MEXICO","Not Specified","Not Specified","38-44 lb containers","NONE","NONE","Not Specified","NONE","Non-Organic","22","18","20"
"TOMATILLOS","22/06/19","CHICAGO","MEXICO","Not Specified","Not Specified","38 lb reusable plastic containers (RPC)","NONE","NONE","Not Specified","NONE","Non-Organic","20","15","17.5"
"TOMATILLOS","20/04/19","CHICAGO","MEXICO","Not Specified","Not Specified","38 lb reusable plastic containers (RPC)","NONE","NONE","Not Specified","NONE","Non-Organic","19","18","18.5"
"TOMATILLOS","20/02/21","CHICAGO","MEXICO","Not Specified","Not Specified","38 lb reusable plastic containers (RPC)","NONE","NONE","Not Specified","NONE","Non-Organic","20","14","17"
"TOMATILLOS","20/01/18","CHICAGO","MEXICO","Not Specified","Not Specified","40 lb containers","NONE","NONE","Not Specified","NONE","Non-Organic","20","18","19"
"TOMATILLOS","27/01/18","CHICAGO","MEXICO","Not Specified","Not Specified","40 lb containers","NONE","NONE","Not Specified","NONE","Non-Organic","20","18","19"
"TOMATILLOS","01/09/18","CHICAGO","MEXICO","Not Specified","Not Specified","38 lb reusable plastic containers (RPC)","NONE","NONE","Not Specified","NONE","Non-Organic","24","22","23"
"TOMATILLOS","20/08/22","CHICAGO","MEXICO","Not Specified","Not Specified","40 lb containers","NONE","NONE","Not Specified","NONE","Non-Organic","30","26","28"
"TOMATILLOS","20/08/22","CHICAGO","MEXICO","Not Specified","Not Specified","38 lb reusable plastic containers (RPC)","NONE","NONE","Not Specified","NONE","Non-Organic","26","25","25.5"
"TOMATILLOS","12/10/19","CHICAGO","MEXICO","Not Specified","Not Specified","38 lb reusable plastic containers (RPC)","NONE","NONE","Not Specified","NONE","Non-Organic","21","20","20.5"
"TOMATILLOS","09/06/18","CHICAGO","MEXICO","Not Specified","Not Specified","38 lb reusable plastic containers (RPC)","NONE","NONE","Not Specified","NONE","Non-Organic","19","17","18"
"TOMATILLOS","26/05/18","CHICAGO","MEXICO","Not Specified","Not Specified","38 lb reusable plastic containers (RPC)","NONE","NONE","Not Specified","NONE","Non-Organic","18","17","17.5"
"TOMATILLOS","17/02/18","CHICAGO","MEXICO","Not Specified","Not Specified","40 lb containers","NONE","NONE","Not Specified","NONE","Non-Organic","20","18","19"
"TOMATILLOS","06/01/18","CHICAGO","MEXICO","Not Specified","Not Specified","40 lb containers","NONE","NONE","Not Specified","NONE","Non-Organic","17","15","16"
"TOMATILLOS","24/09/22","CHICAGO","MEXICO","Not Specified","Not Specified","38 lb reusable plastic containers (RPC)","NONE","NONE","Not Specified","NONE","Non-Organic","38","32","35"
"TOMATILLOS","12/05/18","CHICAGO","MEXICO","Not Specified","Not Specified","38 lb reusable plastic containers (RPC)","NONE","NONE","Not Specified","NONE","Non-Organic","20","15","17.5"
"TOMATILLOS","23/01/21","CHICAGO","MEXICO","Not Specified","Not Specified","38 lb reusable plastic containers (RPC)","NONE","NONE","Not Specified","NONE","Non-Organic","20","16","18"
"TOMATILLOS","21/04/18","CHICAGO","MEXICO","Not Specified","Not Specified","38 lb reusable plastic containers (RPC)","NONE","NONE","Not Specified","NONE","Non-Organic","20","17","18.5"
"TOMATILLOS","28/07/18","CHICAGO","MEXICO","Not Specified","Not Specified","38 lb reusable plastic containers (RPC)","NONE","NONE","Not Specified","NONE","Non-Organic","32","28","30"
"TOMATILLOS","15/06/19","CHICAGO","MEXICO","Not Specified","Not Specified","38 lb reusable plastic containers (RPC)","NONE","NONE","Not Specified","NONE","Non-Organic","16","15","15.5"
"TOMATILLOS","21/04/18","CHICAGO","MEXICO","Not Specified","Not Specified","40 lb containers","NONE","NONE","Not Specified","NONE","Non-Organic","21","21","21"
"TOMATILLOS","07/04/18","CHICAGO","MEXICO","Not Specified","Not Specified","40 lb containers","NONE","NONE","Not Specified","NONE","Non-Organic","22","21","21.5"
"TOMATILLOS","14/04/18","CHICAGO","MEXICO","Not Specified","Not Specified","40 lb containers","NONE","NONE","Not Specified","NONE","Non-Organic","22","21","21.5"
"TOMATILLOS","31/03/18","CHICAGO","MEXICO","Not Specified","Not Specified","40 lb containers","NONE","NONE","Not Specified","NONE","Non-Organic","22","18","20"
"TOMATILLOS","07/04/18","CHICAGO","MEXICO","Not Specified","Not Specified","38 lb reusable plastic containers (RPC)","NONE","NONE","Not Specified","NONE","Non-Organic","20","18","19"
"TOMATILLOS","14/04/18","CHICAGO","MEXICO","Not Specified","Not Specified","38 lb reusable plastic containers (RPC)","NONE","NONE","Not Specified","NONE","Non-Organic","18","17","17.5"
"TOMATILLOS","19/05/18","CHICAGO","MEXICO","Not Specified","Not Specified","38 lb reusable plastic containers (RPC)","NONE","NONE","Not Specified","NONE","Non-Organic","18","15","16.5"
"TOMATILLOS","01/10/22","CHICAGO","MEXICO","Not Specified","Not Specified","40 lb containers","NONE","NONE","Not Specified","NONE","Non-Organic","36","36","36"
"TOMATILLOS","08/10/22","CHICAGO","MEXICO","Not Specified","Not Specified","40 lb containers","NONE","NONE","Not Specified","NONE","Non-Organic","36","36","36"
"TOMATILLOS","26/11/22","CHICAGO","MEXICO","Not Specified","Not Specified","40 lb containers","NONE","NONE","Not Specified","NONE","Non-Organic","36","36","36"
"TOMATILLOS","15/10/22","CHICAGO","MEXICO","Not Specified","Not Specified","40 lb containers","NONE","NONE","Not Specified","NONE","Non-Organic","36","36","36"
"TOMATILLOS","22/10/22","CHICAGO","MEXICO","Not Specified","Not Specified","40 lb containers","NONE","NONE","Not Specified","NONE","Non-Organic","36","36","36"
"TOMATILLOS","18/02/23","CHICAGO","MEXICO","Not Specified","Not Specified","40 lb containers","NONE","NONE","Not Specified","NONE","Non-Organic","28","28","28"
"TOMATILLOS","25/02/23","CHICAGO","MEXICO","Not Specified","Not Specified","40 lb containers","NONE","NONE","Not Specified","NONE","Non-Organic","30","30","30"
"TOMATILLOS","17/12/22","CHICAGO","MEXICO","Not Specified","Not Specified","40 lb containers","NONE","NONE","Not Specified","NONE","Non-Organic","33","31","32"
"TOMATILLOS","11/02/23","CHICAGO","MEXICO","Not Specified","Not Specified","40 lb containers","NONE","NONE","Not Specified","NONE","Non-Organic","28","28","28"
"TOMATILLOS","24/12/22","CHICAGO","MEXICO","Not Specified","Not Specified","40 lb containers","NONE","NONE","Not Specified","NONE","Non-Organic","33","31","32"
"TOMATILLOS","04/03/23","CHICAGO","MEXICO","Not Specified","Not Specified","40 lb containers","NONE","NONE","Not Specified","NONE","Non-Organic","30","30","30"
"TOMATILLOS","11/03/23","CHICAGO","MEXICO","Not Specified","Not Specified","40 lb containers","NONE","NONE","Not Specified","NONE","Non-Organic","30","30","30"
"TOMATILLOS","12/11/22","CHICAGO","MEXICO","Not Specified","Not Specified","40 lb containers","NONE","NONE","Not Specified","NONE","Non-Organic","36","36","36"
"TOMATILLOS","10/12/22","CHICAGO","MEXICO","Not Specified","Not Specified","40 lb containers","NONE","NONE","Not Specified","NONE","Non-Organic","33","31","32"
"TOMATILLOS","29/01/22","CHICAGO","MEXICO","Not Specified","Not Specified","40 lb containers","NONE","NONE","Not Specified","NONE","Non-Organic","30","20","25"
"TOMATILLOS","05/11/22","CHICAGO","MEXICO","Not Specified","Not Specified","40 lb containers","NONE","NONE","Not Specified","NONE","Non-Organic","36","36","36"
"TOMATILLOS","29/10/22","CHICAGO","MEXICO","Not Specified","Not Specified","40 lb containers","NONE","NONE","Not Specified","NONE","Non-Organic","36","36","36"
"TOMATILLOS","24/09/22","CHICAGO","MEXICO","Not Specified","Not Specified","40 lb containers","NONE","NONE","Not Specified","NONE","Non-Organic","30","28","29"
"TOMATILLOS","17/09/22","CHICAGO","MEXICO","Not Specified","Not Specified","40 lb containers","NONE","NONE","Not Specified","NONE","Non-Organic","30","28","29"
"TOMATILLOS","30/07/22","CHICAGO","MEXICO","Not Specified","Not Specified","40 lb containers","NONE","NONE","Not Specified","NONE","Non-Organic","28","26","27"
"TOMATILLOS","09/07/22","CHICAGO","MEXICO","Not Specified","Not Specified","40 lb containers","NONE","NONE","Not Specified","NONE","Non-Organic","28","22","25"
"TOMATILLOS","30/04/22","CHICAGO","MEXICO","Not Specified","Not Specified","40 lb containers","NONE","NONE","Not Specified","NONE","Non-Organic","30","23","26.5"
"TOMATILLOS","12/03/22","CHICAGO","MEXICO","Not Specified","Not Specified","40 lb containers","NONE","NONE","Not Specified","NONE","Non-Organic","22","20","21"
"TOMATILLOS","16/04/22","CHICAGO","MEXICO","Not Specified","Not Specified","40 lb containers","NONE","NONE","Not Specified","NONE","Non-Organic","30","23","26.5"
"TOMATILLOS","10/09/22","CHICAGO","MEXICO","Not Specified","Not Specified","40 lb containers","NONE","NONE","Not Specified","NONE","Non-Organic","30","28","29"
"TOMATILLOS","18/06/22","CHICAGO","MEXICO","Not Specified","Not Specified","40 lb containers","NONE","NONE","Not Specified","NONE","Non-Organic","28","22","25"
"TOMATILLOS","19/11/22","CHICAGO","MEXICO","Not Specified","Not Specified","40 lb containers","NONE","NONE","Not Specified","NONE","Non-Organic","36","36","36"
"TOMATILLOS","21/05/22","CHICAGO","MEXICO","Not Specified","Not Specified","40 lb containers","NONE","NONE","Not Specified","NONE","Non-Organic","26","22","24"
"TOMATILLOS","04/06/22","CHICAGO","MEXICO","Not Specified","Not Specified","40 lb containers","NONE","NONE","Not Specified","NONE","Non-Organic","26","22","24"
"TOMATILLOS","28/05/22","CHICAGO","MEXICO","Not Specified","Not Specified","40 lb containers","NONE","NONE","Not Specified","NONE","Non-Organic","26","22","24"
"TOMATILLOS","23/07/22","CHICAGO","MEXICO","Not Specified","Not Specified","40 lb containers","NONE","NONE","Not Specified","NONE","Non-Organic","28","22","25"
"TOMATILLOS","25/06/22","CHICAGO","MEXICO","Not Specified","Not Specified","40 lb containers","NONE","NONE","Not Specified","NONE","Non-Organic","28","22","25"
"TOMATILLOS","09/04/22","CHICAGO","MEXICO","Not Specified","Not Specified","40 lb containers","NONE","NONE","Not Specified","NONE","Non-Organic","30","21","25.5"
"TOMATILLOS","16/07/22","CHICAGO","MEXICO","Not Specified","Not Specified","40 lb containers","NONE","NONE","Not Specified","NONE","Non-Organic","28","22","25"
"TOMATILLOS","07/05/22","CHICAGO","MEXICO","Not Specified","Not Specified","40 lb containers","NONE","NONE","Not Specified","NONE","Non-Organic","30","23","26.5"
"TOMATILLOS","14/05/22","CHICAGO","MEXICO","Not Specified","Not Specified","40 lb containers","NONE","NONE","Not Specified","NONE","Non-Organic","30","22","26"
"TOMATILLOS","23/04/22","CHICAGO","MEXICO","Not Specified","Not Specified","40 lb containers","NONE","NONE","Not Specified","NONE","Non-Organic","30","23","26.5"
"TOMATILLOS","22/01/22","CHICAGO","MEXICO","Not Specified","Not Specified","40 lb containers","NONE","NONE","Not Specified","NONE","Non-Organic","30","29","29.5"
"TOMATILLOS","15/01/22","CHICAGO","MEXICO","Not Specified","Not Specified","40 lb containers","NONE","NONE","Not Specified","NONE","Non-Organic","35","29","32"
"TOMATILLOS","06/11/21","CHICAGO","MEXICO","Not Specified","Not Specified","40 lb containers","NONE","NONE","Not Specified","NONE","Non-Organic","36","32","34"
"TOMATILLOS","13/11/21","CHICAGO","MEXICO","Not Specified","Not Specified","40 lb containers","NONE","NONE","Not Specified","NONE","Non-Organic","58","36","47"
"TOMATILLOS","04/12/21","CHICAGO","MEXICO","Not Specified","Not Specified","40 lb containers","NONE","NONE","Not Specified","NONE","Non-Organic","58","51","54.5"
"TOMATILLOS","05/03/22","CHICAGO","MEXICO","Not Specified","Not Specified","40 lb containers","NONE","NONE","Not Specified","NONE","Non-Organic","22","20","21"
"TOMATILLOS","26/02/22","CHICAGO","MEXICO","Not Specified","Not Specified","40 lb containers","NONE","NONE","Not Specified","NONE","Non-Organic","22","20","21"
"TOMATILLOS","19/02/22","CHICAGO","MEXICO","Not Specified","Not Specified","40 lb containers","NONE","NONE","Not Specified","NONE","Non-Organic","26","20","23"
"TOMATILLOS","23/10/21","CHICAGO","MEXICO","Not Specified","Not Specified","40 lb containers","NONE","NONE","Not Specified","NONE","Non-Organic","32","30","31"
"TOMATILLOS","19/03/22","CHICAGO","MEXICO","Not Specified","Not Specified","40 lb containers","NONE","NONE","Not Specified","NONE","Non-Organic","26","21","23.5"
"TOMATILLOS","01/01/22","CHICAGO","MEXICO","Not Specified","Not Specified","40 lb containers","NONE","NONE","Not Specified","NONE","Non-Organic","33","29","31"
"TOMATILLOS","18/12/21","CHICAGO","MEXICO","Not Specified","Not Specified","40 lb containers","NONE","NONE","Not Specified","NONE","Non-Organic","38","29","33.5"
"TOMATILLOS","25/12/21","CHICAGO","MEXICO","Not Specified","Not Specified","40 lb containers","NONE","NONE","Not Specified","NONE","Non-Organic","31","29","30"
"TOMATILLOS","11/12/21","CHICAGO","MEXICO","Not Specified","Not Specified","40 lb containers","NONE","NONE","Not Specified","NONE","Non-Organic","53","38","45.5"
"TOMATILLOS","20/11/21","CHICAGO","MEXICO","Not Specified","Not Specified","40 lb containers","NONE","NONE","Not Specified","NONE","Non-Organic","58","58","58"
"TOMATILLOS","27/11/21","CHICAGO","MEXICO","Not Specified","Not Specified","40 lb containers","NONE","NONE","Not Specified","NONE","Non-Organic","58","56","57"
"TOMATILLOS","02/07/22","CHICAGO","MEXICO","Not Specified","Not Specified","40 lb containers","NONE","NONE","Not Specified","NONE","Non-Organic","28","22","25"
"TOMATILLOS","12/02/22","CHICAGO","MEXICO","Not Specified","Not Specified","40 lb containers","NONE","NONE","Not Specified","NONE","Non-Organic","26","20","23"
"TOMATILLOS","05/02/22","CHICAGO","MEXICO","Not Specified","Not Specified","40 lb containers","NONE","NONE","Not Specified","NONE","Non-Organic","28","20","24"
"TOMATILLOS","06/08/22","CHICAGO","MEXICO","Not Specified","Not Specified","40 lb containers","NONE","NONE","Not Specified","NONE","Non-Organic","28","26","27"
"TOMATILLOS","13/08/22","CHICAGO","MEXICO","Not Specified","Not Specified","40 lb containers","NONE","NONE","Not Specified","NONE","Non-Organic","30","26","28"
"TOMATILLOS","18/01/20","CHICAGO","MEXICO","Not Specified","Not Specified","40 lb containers","NONE","NONE","Not Specified","NONE","Non-Organic","28","24","26"
"TOMATILLOS","11/01/20","CHICAGO","MEXICO","Not Specified","Not Specified","40 lb containers","NONE","NONE","Not Specified","NONE","Non-Organic","28","24","26"
"TOMATILLOS","04/01/20","CHICAGO","MEXICO","Not Specified","Not Specified","40 lb containers","NONE","NONE","Not Specified","NONE","Non-Organic","28","24","26"
"TOMATILLOS","26/03/22","CHICAGO","MEXICO","Not Specified","Not Specified","40 lb containers","NONE","NONE","Not Specified","NONE","Non-Organic","26","21","23.5"
"TOMATILLOS","02/04/22","CHICAGO","MEXICO","Not Specified","Not Specified","40 lb containers","NONE","NONE","Not Specified","NONE","Non-Organic","26","21","23.5"
"TOMATILLOS","04/09/21","CHICAGO","MEXICO","Not Specified","Not Specified","40 lb containers","NONE","NONE","Not Specified","NONE","Non-Organic","28","26","27"
"TOMATILLOS","10/03/18","CHICAGO","MEXICO","Not Specified","Not Specified","40 lb containers","NONE","NONE","Not Specified","NONE","Non-Organic","20","18","19"
"TOMATILLOS","24/02/18","CHICAGO","MEXICO","Not Specified","Not Specified","40 lb containers","NONE","NONE","Not Specified","NONE","Non-Organic","21","18","19.5"
"TOMATILLOS","08/01/22","CHICAGO","MEXICO","Not Specified","Not Specified","40 lb containers","NONE","NONE","Not Specified","NONE","Non-Organic","35","30","32.5"
"TOMATILLOS","07/08/21","CHICAGO","MEXICO","Not Specified","Not Specified","40 lb containers","NONE","NONE","Not Specified","NONE","Non-Organic","28","26","27"
"TOMATILLOS","31/07/21","CHICAGO","MEXICO","Not Specified","Not Specified","40 lb containers","NONE","NONE","Not Specified","NONE","Non-Organic","28","26","27"
"TOMATILLOS","21/12/19","CHICAGO","MEXICO","Not Specified","Not Specified","40 lb containers","NONE","NONE","Not Specified","NONE","Non-Organic","26","24","25"
"TOMATILLOS","03/12/22","CHICAGO","MEXICO","Not Specified","Not Specified","40 lb containers","NONE","NONE","Not Specified","NONE","Non-Organic","36","36","36"
"TOMATILLOS","28/12/19","CHICAGO","MEXICO","Not Specified","Not Specified","40 lb containers","NONE","NONE","Not Specified","NONE","Non-Organic","28","24","26"
"TOMATILLOS","28/08/21","CHICAGO","MEXICO","Not Specified","Not Specified","40 lb containers","NONE","NONE","Not Specified","NONE","Non-Organic","28","26","27"
"TOMATILLOS","11/06/22","CHICAGO","MEXICO","Not Specified","Not Specified","40 lb containers","NONE","NONE","Not Specified","NONE","Non-Organic","28","22","25"
"TOMATILLOS","03/03/18","CHICAGO","MEXICO","Not Specified","Not Specified","40 lb containers","NONE","NONE","Not Specified","NONE","Non-Organic","21","19","20"
"TOMATILLOS","14/08/21","CHICAGO","MEXICO","Not Specified","Not Specified","40 lb containers","NONE","NONE","Not Specified","NONE","Non-Organic","28","26","27"
"TOMATILLOS","21/08/21","CHICAGO","MEXICO","Not Specified","Not Specified","40 lb containers","NONE","NONE","Not Specified","NONE","Non-Organic","28","26","27"
"TOMATILLOS","30/10/21","CHICAGO","MEXICO","Not Specified","Not Specified","40 lb containers","NONE","NONE","Not Specified","NONE","Non-Organic","32","32","32"
"TOMATILLOS","27/08/22","CHICAGO","MEXICO","Not Specified","Not Specified","40 lb containers","NONE","NONE","Not Specified","NONE","Non-Organic","30","26","28"
"TOMATILLOS","03/09/22","CHICAGO","MEXICO","Not Specified","Not Specified","40 lb containers","NONE","NONE","Not Specified","NONE","Non-Organic","30","28","29"
"TOMATILLOS","10/02/18","CHICAGO","MEXICO","Not Specified","Not Specified","40 lb containers","NONE","NONE","Not Specified","NONE","Non-Organic","20","18","19"
"TOMATILLOS","03/02/18","CHICAGO","MEXICO","Not Specified","Not Specified","40 lb containers","NONE","NONE","Not Specified","NONE","Non-Organic","20","18","19"
"TOMATILLOS","13/01/18","CHICAGO","MEXICO","Not Specified","Not Specified","40 lb containers","NONE","NONE","Not Specified","NONE","Non-Organic","18","15","16.5"
"TOMATILLOS","24/03/18","CHICAGO","MEXICO","Not Specified","Not Specified","40 lb containers","NONE","NONE","Not Specified","NONE","Non-Organic","20","18","19"
"TOMATILLOS","17/03/18","CHICAGO","MEXICO","Not Specified","Not Specified","40 lb containers","NONE","NONE","Not Specified","NONE","Non-Organic","20","18","19"
"TOMATILLOS","08/10/22","CHICAGO","MEXICO","Not Specified","Not Specified","38-44 lb containers","NONE","NONE","Not Specified","NONE","Non-Organic","38","38","38"
"TOMATILLOS","15/10/22","CHICAGO","MEXICO","Not Specified","Not Specified","38-44 lb containers","NONE","NONE","Not Specified","NONE","Non-Organic","38","38","38"
"TOMATILLOS","26/11/22","CHICAGO","MEXICO","Not Specified","Not Specified","38-44 lb containers","NONE","NONE","Not Specified","NONE","Non-Organic","42","40","41"
"TOMATILLOS","22/10/22","CHICAGO","MEXICO","Not Specified","Not Specified","38-44 lb containers","NONE","NONE","Not Specified","NONE","Non-Organic","42","38","40"
"TOMATILLOS","14/01/23","CHICAGO","MEXICO","Not Specified","Not Specified","38-44 lb containers","NONE","NONE","Not Specified","NONE","Non-Organic","34","27","30.5"
"TOMATILLOS","07/01/23","CHICAGO","MEXICO","Not Specified","Not Specified","38-44 lb containers","NONE","NONE","Not Specified","NONE","Non-Organic","29","27","28"
"TOMATILLOS","04/02/23","CHICAGO","MEXICO","Not Specified","Not Specified","38-44 lb containers","NONE","NONE","Not Specified","NONE","Non-Organic","32","26","29"
"TOMATILLOS","11/02/23","CHICAGO","MEXICO","Not Specified","Not Specified","38-44 lb containers","NONE","NONE","Not Specified","NONE","Non-Organic","34","26","30"
"TOMATILLOS","25/02/23","CHICAGO","MEXICO","Not Specified","Not Specified","38-44 lb containers","NONE","NONE","Not Specified","NONE","Non-Organic","34","26","30"
"TOMATILLOS","17/12/22","CHICAGO","MEXICO","Not Specified","Not Specified","38-44 lb containers","NONE","NONE","Not Specified","NONE","Non-Organic","42","40","41"
"TOMATILLOS","18/02/23","CHICAGO","MEXICO","Not Specified","Not Specified","38-44 lb containers","NONE","NONE","Not Specified","NONE","Non-Organic","34","26","30"
"TOMATILLOS","24/12/22","CHICAGO","MEXICO","Not Specified","Not Specified","38-44 lb containers","NONE","NONE","Not Specified","NONE","Non-Organic","42","25","33.5"
"TOMATILLOS","11/03/23","CHICAGO","MEXICO","Not Specified","Not Specified","38-44 lb containers","NONE","NONE","Not Specified","NONE","Non-Organic","35","32","33.5"
"TOMATILLOS","04/03/23","CHICAGO","MEXICO","Not Specified","Not Specified","38-44 lb containers","NONE","NONE","Not Specified","NONE","Non-Organic","35","26","30.5"
"TOMATILLOS","12/11/22","CHICAGO","MEXICO","Not Specified","Not Specified","38-44 lb containers","NONE","NONE","Not Specified","NONE","Non-Organic","42","40","41"
"TOMATILLOS","21/01/23","CHICAGO","MEXICO","Not Specified","Not Specified","38-44 lb containers","NONE","NONE","Not Specified","NONE","Non-Organic","35","30","32.5"
"TOMATILLOS","29/01/22","CHICAGO","MEXICO","Not Specified","Not Specified","38-44 lb containers","NONE","NONE","Not Specified","NONE","Non-Organic","35","24","29.5"
"TOMATILLOS","31/12/22","CHICAGO","MEXICO","Not Specified","Not Specified","38-44 lb containers","NONE","NONE","Not Specified","NONE","Non-Organic","30","25","27.5"
"TOMATILLOS","05/11/22","CHICAGO","MEXICO","Not Specified","Not Specified","38-44 lb containers","NONE","NONE","Not Specified","NONE","Non-Organic","42","40","41"
"TOMATILLOS","29/10/22","CHICAGO","MEXICO","Not Specified","Not Specified","38-44 lb containers","NONE","NONE","Not Specified","NONE","Non-Organic","42","40","41"
"TOMATILLOS","17/09/22","CHICAGO","MEXICO","Not Specified","Not Specified","38-44 lb containers","NONE","NONE","Not Specified","NONE","Non-Organic","39","37","38"
"TOMATILLOS","30/07/22","CHICAGO","MEXICO","Not Specified","Not Specified","38-44 lb containers","NONE","NONE","Not Specified","NONE","Non-Organic","28","28","28"
"TOMATILLOS","30/04/22","CHICAGO","MEXICO","Not Specified","Not Specified","38-44 lb containers","NONE","NONE","Not Specified","NONE","Non-Organic","30","28","29"
"TOMATILLOS","10/12/22","CHICAGO","MEXICO","Not Specified","Not Specified","38-44 lb containers","NONE","NONE","Not Specified","NONE","Non-Organic","42","40","41"
"TOMATILLOS","24/09/22","CHICAGO","MEXICO","Not Specified","Not Specified","38-44 lb containers","NONE","NONE","Not Specified","NONE","Non-Organic","39","37","38"
"TOMATILLOS","16/04/22","CHICAGO","MEXICO","Not Specified","Not Specified","38-44 lb containers","NONE","NONE","Not Specified","NONE","Non-Organic","34","26","30"
"TOMATILLOS","12/03/22","CHICAGO","MEXICO","Not Specified","Not Specified","38-44 lb containers","NONE","NONE","Not Specified","NONE","Non-Organic","25","23","24"
"TOMATILLOS","19/11/22","CHICAGO","MEXICO","Not Specified","Not Specified","38-44 lb containers","NONE","NONE","Not Specified","NONE","Non-Organic","42","40","41"
"TOMATILLOS","11/06/22","CHICAGO","MEXICO","Not Specified","Not Specified","38-44 lb containers","NONE","NONE","Not Specified","NONE","Non-Organic","30","23","26.5"
"TOMATILLOS","09/10/21","CHICAGO","MEXICO","Not Specified","Not Specified","38-44 lb containers","NONE","NONE","Not Specified","NONE","Non-Organic","26","24","25"
"TOMATILLOS","18/06/22","CHICAGO","MEXICO","Not Specified","Not Specified","38-44 lb containers","NONE","NONE","Not Specified","NONE","Non-Organic","30","23","26.5"
"TOMATILLOS","21/05/22","CHICAGO","MEXICO","Not Specified","Not Specified","38-44 lb containers","NONE","NONE","Not Specified","NONE","Non-Organic","30","23","26.5"
"TOMATILLOS","28/05/22","CHICAGO","MEXICO","Not Specified","Not Specified","38-44 lb containers","NONE","NONE","Not Specified","NONE","Non-Organic","30","23","26.5"
"TOMATILLOS","04/06/22","CHICAGO","MEXICO","Not Specified","Not Specified","38-44 lb containers","NONE","NONE","Not Specified","NONE","Non-Organic","30","23","26.5"
"TOMATILLOS","10/09/22","CHICAGO","MEXICO","Not Specified","Not Specified","38-44 lb containers","NONE","NONE","Not Specified","NONE","Non-Organic","40","32","36"
"TOMATILLOS","09/04/22","CHICAGO","MEXICO","Not Specified","Not Specified","38-44 lb containers","NONE","NONE","Not Specified","NONE","Non-Organic","34","24","29"
"TOMATILLOS","23/07/22","CHICAGO","MEXICO","Not Specified","Not Specified","38-44 lb containers","NONE","NONE","Not Specified","NONE","Non-Organic","30","23","26.5"
"TOMATILLOS","28/01/23","CHICAGO","MEXICO","Not Specified","Not Specified","38-44 lb containers","NONE","NONE","Not Specified","NONE","Non-Organic","37","26","31.5"
"TOMATILLOS","25/06/22","CHICAGO","MEXICO","Not Specified","Not Specified","38-44 lb containers","NONE","NONE","Not Specified","NONE","Non-Organic","30","23","26.5"
"TOMATILLOS","16/07/22","CHICAGO","MEXICO","Not Specified","Not Specified","38-44 lb containers","NONE","NONE","Not Specified","NONE","Non-Organic","30","23","26.5"
"TOMATILLOS","27/08/22","CHICAGO","MEXICO","Not Specified","Not Specified","38-44 lb containers","NONE","NONE","Not Specified","NONE","Non-Organic","31","28","29.5"
"TOMATILLOS","09/07/22","CHICAGO","MEXICO","Not Specified","Not Specified","38-44 lb containers","NONE","NONE","Not Specified","NONE","Non-Organic","30","23","26.5"
"TOMATILLOS","23/04/22","CHICAGO","MEXICO","Not Specified","Not Specified","38-44 lb containers","NONE","NONE","Not Specified","NONE","Non-Organic","30","28","29"
"TOMATILLOS","14/05/22","CHICAGO","MEXICO","Not Specified","Not Specified","38-44 lb containers","NONE","NONE","Not Specified","NONE","Non-Organic","30","23","26.5"
"TOMATILLOS","07/05/22","CHICAGO","MEXICO","Not Specified","Not Specified","38-44 lb containers","NONE","NONE","Not Specified","NONE","Non-Organic","30","26","28"
"TOMATILLOS","15/01/22","CHICAGO","MEXICO","Not Specified","Not Specified","38-44 lb containers","NONE","NONE","Not Specified","NONE","Non-Organic","35","32","33.5"
"TOMATILLOS","13/11/21","CHICAGO","MEXICO","Not Specified","Not Specified","38-44 lb containers","NONE","NONE","Not Specified","NONE","Non-Organic","56","44","50"
"TOMATILLOS","08/01/22","CHICAGO","MEXICO","Not Specified","Not Specified","38-44 lb containers","NONE","NONE","Not Specified","NONE","Non-Organic","38","32","35"
"TOMATILLOS","06/11/21","CHICAGO","MEXICO","Not Specified","Not Specified","38-44 lb containers","NONE","NONE","Not Specified","NONE","Non-Organic","46","30","38"
"TOMATILLOS","05/03/22","CHICAGO","MEXICO","Not Specified","Not Specified","38-44 lb containers","NONE","NONE","Not Specified","NONE","Non-Organic","25","22","23.5"
"TOMATILLOS","19/03/22","CHICAGO","MEXICO","Not Specified","Not Specified","38-44 lb containers","NONE","NONE","Not Specified","NONE","Non-Organic","27","24","25.5"
"TOMATILLOS","23/10/21","CHICAGO","MEXICO","Not Specified","Not Specified","38-44 lb containers","NONE","NONE","Not Specified","NONE","Non-Organic","30","30","30"
"TOMATILLOS","26/03/22","CHICAGO","MEXICO","Not Specified","Not Specified","38-44 lb containers","NONE","NONE","Not Specified","NONE","Non-Organic","28","24","26"
"TOMATILLOS","26/02/22","CHICAGO","MEXICO","Not Specified","Not Specified","38-44 lb containers","NONE","NONE","Not Specified","NONE","Non-Organic","25","22","23.5"
"TOMATILLOS","19/02/22","CHICAGO","MEXICO","Not Specified","Not Specified","38-44 lb containers","NONE","NONE","Not Specified","NONE","Non-Organic","25","22","23.5"
"TOMATILLOS","25/12/21","CHICAGO","MEXICO","Not Specified","Not Specified","38-44 lb containers","NONE","NONE","Not Specified","NONE","Non-Organic","34","32","33"
"TOMATILLOS","01/01/22","CHICAGO","MEXICO","Not Specified","Not Specified","38-44 lb containers","NONE","NONE","Not Specified","NONE","Non-Organic","34","32","33"
"TOMATILLOS","18/12/21","CHICAGO","MEXICO","Not Specified","Not Specified","38-44 lb containers","NONE","NONE","Not Specified","NONE","Non-Organic","34","32","33"
"TOMATILLOS","02/04/22","CHICAGO","MEXICO","Not Specified","Not Specified","38-44 lb containers","NONE","NONE","Not Specified","NONE","Non-Organic","28","24","26"
"TOMATILLOS","20/11/21","CHICAGO","MEXICO","Not Specified","Not Specified","38-44 lb containers","NONE","NONE","Not Specified","NONE","Non-Organic","56","54","55"
"TOMATILLOS","27/11/21","CHICAGO","MEXICO","Not Specified","Not Specified","38-44 lb containers","NONE","NONE","Not Specified","NONE","Non-Organic","54","48","51"
"TOMATILLOS","01/10/22","CHICAGO","MEXICO","Not Specified","Not Specified","38-44 lb containers","NONE","NONE","Not Specified","NONE","Non-Organic","40","38","39"
"TOMATILLOS","02/07/22","CHICAGO","MEXICO","Not Specified","Not Specified","38-44 lb containers","NONE","NONE","Not Specified","NONE","Non-Organic","30","23","26.5"
"TOMATILLOS","20/08/22","CHICAGO","MEXICO","Not Specified","Not Specified","38-44 lb containers","NONE","NONE","Not Specified","NONE","Non-Organic","30","28","29"
"TOMATILLOS","05/02/22","CHICAGO","MEXICO","Not Specified","Not Specified","38-44 lb containers","NONE","NONE","Not Specified","NONE","Non-Organic","26","24","25"
"TOMATILLOS","12/02/22","CHICAGO","MEXICO","Not Specified","Not Specified","38-44 lb containers","NONE","NONE","Not Specified","NONE","Non-Organic","26","22","24"
"TOMATILLOS","11/09/21","CHICAGO","MEXICO","Not Specified","Not Specified","38-44 lb containers","NONE","NONE","Not Specified","NONE","Non-Organic","26","25","25.5"
"TOMATILLOS","06/08/22","CHICAGO","MEXICO","Not Specified","Not Specified","38-44 lb containers","NONE","NONE","Not Specified","NONE","Non-Organic","28","28","28"
"TOMATILLOS","13/08/22","CHICAGO","MEXICO","Not Specified","Not Specified","38-44 lb containers","NONE","NONE","Not Specified","NONE","Non-Organic","30","28","29"
"TOMATILLOS","02/10/21","CHICAGO","MEXICO","Not Specified","Not Specified","38-44 lb containers","NONE","NONE","Not Specified","NONE","Non-Organic","26","24","25"
"TOMATILLOS","25/09/21","CHICAGO","MEXICO","Not Specified","Not Specified","38-44 lb containers","NONE","NONE","Not Specified","NONE","Non-Organic","26","25","25.5"
"TOMATILLOS","22/01/22","CHICAGO","MEXICO","Not Specified","Not Specified","38-44 lb containers","NONE","NONE","Not Specified","NONE","Non-Organic","35","34","34.5"
"TOMATILLOS","04/12/21","CHICAGO","MEXICO","Not Specified","Not Specified","38-44 lb containers","NONE","NONE","Not Specified","NONE","Non-Organic","48","48","48"
"TOMATILLOS","04/09/21","CHICAGO","MEXICO","Not Specified","Not Specified","38-44 lb containers","NONE","NONE","Not Specified","NONE","Non-Organic","26","21","23.5"
"TOMATILLOS","17/08/19","CHICAGO","MEXICO","Not Specified","Not Specified","38-44 lb containers","NONE","NONE","Not Specified","NONE","Non-Organic","20","20","20"
"TOMATILLOS","10/08/19","CHICAGO","MEXICO","Not Specified","Not Specified","38-44 lb containers","NONE","NONE","Not Specified","NONE","Non-Organic","26","20","23"
"TOMATILLOS","27/07/19","CHICAGO","MEXICO","Not Specified","Not Specified","38-44 lb containers","NONE","NONE","Not Specified","NONE","Non-Organic","22","20","21"
"TOMATILLOS","03/08/19","CHICAGO","MEXICO","Not Specified","Not Specified","38-44 lb containers","NONE","NONE","Not Specified","NONE","Non-Organic","22","20","21"
"TOMATILLOS","18/09/21","CHICAGO","MEXICO","Not Specified","Not Specified","38-44 lb containers","NONE","NONE","Not Specified","NONE","Non-Organic","26","25","25.5"
"TOMATILLOS","07/08/21","CHICAGO","MEXICO","Not Specified","Not Specified","38-44 lb containers","NONE","NONE","Not Specified","NONE","Non-Organic","26","26","26"
"TOMATILLOS","02/11/19","CHICAGO","MEXICO","Not Specified","Not Specified","38-44 lb containers","NONE","NONE","Not Specified","NONE","Non-Organic","26","24","25"
"TOMATILLOS","31/07/21","CHICAGO","MEXICO","Not Specified","Not Specified","38-44 lb containers","NONE","NONE","Not Specified","NONE","Non-Organic","26","26","26"
"TOMATILLOS","03/12/22","CHICAGO","MEXICO","Not Specified","Not Specified","38-44 lb containers","NONE","NONE","Not Specified","NONE","Non-Organic","42","40","41"
"TOMATILLOS","21/12/19","CHICAGO","MEXICO","Not Specified","Not Specified","38-44 lb containers","NONE","NONE","Not Specified","NONE","Non-Organic","30","21","25.5"
"TOMATILLOS","07/12/19","CHICAGO","MEXICO","Not Specified","Not Specified","38-44 lb containers","NONE","NONE","Not Specified","NONE","Non-Organic","28","25","26.5"
"TOMATILLOS","05/10/19","CHICAGO","MEXICO","Not Specified","Not Specified","38-44 lb containers","NONE","NONE","Not Specified","NONE","Non-Organic","24","22","23"
"TOMATILLOS","12/10/19","CHICAGO","MEXICO","Not Specified","Not Specified","38-44 lb containers","NONE","NONE","Not Specified","NONE","Non-Organic","24","22","23"
"TOMATILLOS","21/09/19","CHICAGO","MEXICO","Not Specified","Not Specified","38-44 lb containers","NONE","NONE","Not Specified","NONE","Non-Organic","22","21","21.5"
"TOMATILLOS","11/05/19","CHICAGO","MEXICO","Not Specified","Not Specified","38-44 lb containers","NONE","NONE","Not Specified","NONE","Non-Organic","18","16","17"
"TOMATILLOS","30/11/19","CHICAGO","MEXICO","Not Specified","Not Specified","38-44 lb containers","NONE","NONE","Not Specified","NONE","Non-Organic","28","25","26.5"
"TOMATILLOS","13/07/19","CHICAGO","MEXICO","Not Specified","Not Specified","38-44 lb containers","NONE","NONE","Not Specified","NONE","Non-Organic","22","20","21"
"TOMATILLOS","14/08/21","CHICAGO","MEXICO","Not Specified","Not Specified","38-44 lb containers","NONE","NONE","Not Specified","NONE","Non-Organic","26","26","26"
"TOMATILLOS","24/08/19","CHICAGO","MEXICO","Not Specified","Not Specified","38-44 lb containers","NONE","NONE","Not Specified","NONE","Non-Organic","20","20","20"
"TOMATILLOS","15/06/19","CHICAGO","MEXICO","Not Specified","Not Specified","38-44 lb containers","NONE","NONE","Not Specified","NONE","Non-Organic","19","18","18.5"
"TOMATILLOS","30/10/21","CHICAGO","MEXICO","Not Specified","Not Specified","38-44 lb containers","NONE","NONE","Not Specified","NONE","Non-Organic","30","30","30"
"TOMATILLOS","21/08/21","CHICAGO","MEXICO","Not Specified","Not Specified","38-44 lb containers","NONE","NONE","Not Specified","NONE","Non-Organic","26","26","26"
"TOMATILLOS","28/08/21","CHICAGO","MEXICO","Not Specified","Not Specified","38-44 lb containers","NONE","NONE","Not Specified","NONE","Non-Organic","26","21","23.5"
"TOMATILLOS","23/11/19","CHICAGO","MEXICO","Not Specified","Not Specified","38-44 lb containers","NONE","NONE","Not Specified","NONE","Non-Organic","30","25","27.5"
"TOMATILLOS","18/05/19","CHICAGO","MEXICO","Not Specified","Not Specified","38-44 lb containers","NONE","NONE","Not Specified","NONE","Non-Organic","18","16","17"
"TOMATILLOS","14/12/19","CHICAGO","MEXICO","Not Specified","Not Specified","38-44 lb containers","NONE","NONE","Not Specified","NONE","Non-Organic","26","21","23.5"
"TOMATILLOS","16/11/19","CHICAGO","MEXICO","Not Specified","Not Specified","38-44 lb containers","NONE","NONE","Not Specified","NONE","Non-Organic","30","28","29"
"TOMATILLOS","09/11/19","CHICAGO","MEXICO","Not Specified","Not Specified","38-44 lb containers","NONE","NONE","Not Specified","NONE","Non-Organic","28","28","28"
"TOMATILLOS","28/09/19","CHICAGO","MEXICO","Not Specified","Not Specified","38-44 lb containers","NONE","NONE","Not Specified","NONE","Non-Organic","24","21","22.5"
"TOMATILLOS","14/09/19","CHICAGO","MEXICO","Not Specified","Not Specified","38-44 lb containers","NONE","NONE","Not Specified","NONE","Non-Organic","23","21","22"
"TOMATILLOS","03/09/22","CHICAGO","MEXICO","Not Specified","Not Specified","38-44 lb containers","NONE","NONE","Not Specified","NONE","Non-Organic","38","29","33.5"
"TOMATILLOS","07/09/19","CHICAGO","MEXICO","Not Specified","Not Specified","38-44 lb containers","NONE","NONE","Not Specified","NONE","Non-Organic","23","21","22"
"TOMATILLOS","29/06/19","CHICAGO","MEXICO","Not Specified","Not Specified","38-44 lb containers","NONE","NONE","Not Specified","NONE","Non-Organic","22","20","21"
"TOMATILLOS","06/07/19","CHICAGO","MEXICO","Not Specified","Not Specified","38-44 lb containers","NONE","NONE","Not Specified","NONE","Non-Organic","22","20","21"
"TOMATILLOS","25/05/19","CHICAGO","MEXICO","Not Specified","Not Specified","38-44 lb containers","NONE","NONE","Not Specified","NONE","Non-Organic","19","16","17.5"
"TOMATILLOS","01/06/19","CHICAGO","MEXICO","Not Specified","Not Specified","38-44 lb containers","NONE","NONE","Not Specified","NONE","Non-Organic","19","18","18.5"
"TOMATILLOS","08/06/19","CHICAGO","MEXICO","Not Specified","Not Specified","38-44 lb containers","NONE","NONE","Not Specified","NONE","Non-Organic","19","18","18.5"
"TOMATILLOS","26/10/19","CHICAGO","MEXICO","Not Specified","Not Specified","38-44 lb containers","NONE","NONE","Not Specified","NONE","Non-Organic","26","22","24"
"TOMATILLOS","31/08/19","CHICAGO","MEXICO","Not Specified","Not Specified","38-44 lb containers","NONE","NONE","Not Specified","NONE","Non-Organic","23","21","22"
"TOMATILLOS","19/10/19","CHICAGO","MEXICO","Not Specified","Not Specified","38-44 lb containers","NONE","NONE","Not Specified","NONE","Non-Organic","24","22","23"
"TOMATILLOS","20/07/19","CHICAGO","MEXICO","Not Specified","Not Specified","38-44 lb containers","NONE","NONE","Not Specified","NONE","Non-Organic","22","20","21"
"TOMATILLOS","26/11/22","CHICAGO","MEXICO","Not Specified","Not Specified","38 lb reusable plastic containers (RPC)","NONE","NONE","Not Specified","NONE","Non-Organic","35","33","34"
"TOMATILLOS","08/10/22","CHICAGO","MEXICO","Not Specified","Not Specified","38 lb reusable plastic containers (RPC)","NONE","NONE","Not Specified","NONE","Non-Organic","36","32","34"
"TOMATILLOS","15/10/22","CHICAGO","MEXICO","Not Specified","Not Specified","38 lb reusable plastic containers (RPC)","NONE","NONE","Not Specified","NONE","Non-Organic","36","32","34"
"TOMATILLOS","14/01/23","CHICAGO","MEXICO","Not Specified","Not Specified","38 lb reusable plastic containers (RPC)","NONE","NONE","Not Specified","NONE","Non-Organic","32","20","26"
"TOMATILLOS","22/10/22","CHICAGO","MEXICO","Not Specified","Not Specified","38 lb reusable plastic containers (RPC)","NONE","NONE","Not Specified","NONE","Non-Organic","36","32","34"
"TOMATILLOS","25/02/23","CHICAGO","MEXICO","Not Specified","Not Specified","38 lb reusable plastic containers (RPC)","NONE","NONE","Not Specified","NONE","Non-Organic","30","28","29"
"TOMATILLOS","11/02/23","CHICAGO","MEXICO","Not Specified","Not Specified","38 lb reusable plastic containers (RPC)","NONE","NONE","Not Specified","NONE","Non-Organic","30","24","27"
"TOMATILLOS","04/02/23","CHICAGO","MEXICO","Not Specified","Not Specified","38 lb reusable plastic containers (RPC)","NONE","NONE","Not Specified","NONE","Non-Organic","28","24","26"
"TOMATILLOS","24/12/22","CHICAGO","MEXICO","Not Specified","Not Specified","38 lb reusable plastic containers (RPC)","NONE","NONE","Not Specified","NONE","Non-Organic","35","17","26"
"TOMATILLOS","04/03/23","CHICAGO","MEXICO","Not Specified","Not Specified","38 lb reusable plastic containers (RPC)","NONE","NONE","Not Specified","NONE","Non-Organic","30","28","29"
"TOMATILLOS","12/11/22","CHICAGO","MEXICO","Not Specified","Not Specified","38 lb reusable plastic containers (RPC)","NONE","NONE","Not Specified","NONE","Non-Organic","35","33","34"
"TOMATILLOS","21/01/23","CHICAGO","MEXICO","Not Specified","Not Specified","38 lb reusable plastic containers (RPC)","NONE","NONE","Not Specified","NONE","Non-Organic","34","28","31"
"TOMATILLOS","29/01/22","CHICAGO","MEXICO","Not Specified","Not Specified","38 lb reusable plastic containers (RPC)","NONE","NONE","Not Specified","NONE","Non-Organic","26","18","22"
"TOMATILLOS","17/12/22","CHICAGO","MEXICO","Not Specified","Not Specified","38 lb reusable plastic containers (RPC)","NONE","NONE","Not Specified","NONE","Non-Organic","35","21","28"
"TOMATILLOS","07/01/23","CHICAGO","MEXICO","Not Specified","Not Specified","38 lb reusable plastic containers (RPC)","NONE","NONE","Not Specified","NONE","Non-Organic","22","20","21"
"TOMATILLOS","31/12/22","CHICAGO","MEXICO","Not Specified","Not Specified","38 lb reusable plastic containers (RPC)","NONE","NONE","Not Specified","NONE","Non-Organic","22","17","19.5"
"TOMATILLOS","05/11/22","CHICAGO","MEXICO","Not Specified","Not Specified","38 lb reusable plastic containers (RPC)","NONE","NONE","Not Specified","NONE","Non-Organic","35","33","34"
"TOMATILLOS","29/10/22","CHICAGO","MEXICO","Not Specified","Not Specified","38 lb reusable plastic containers (RPC)","NONE","NONE","Not Specified","NONE","Non-Organic","35","33","34"
"TOMATILLOS","03/04/21","CHICAGO","MEXICO","Not Specified","Not Specified","38 lb reusable plastic containers (RPC)","NONE","NONE","Not Specified","NONE","Non-Organic","22","18","20"
"TOMATILLOS","18/02/23","CHICAGO","MEXICO","Not Specified","Not Specified","38 lb reusable plastic containers (RPC)","NONE","NONE","Not Specified","NONE","Non-Organic","30","24","27"
"TOMATILLOS","30/07/22","CHICAGO","MEXICO","Not Specified","Not Specified","38 lb reusable plastic containers (RPC)","NONE","NONE","Not Specified","NONE","Non-Organic","24","24","24"
"TOMATILLOS","09/07/22","CHICAGO","MEXICO","Not Specified","Not Specified","38 lb reusable plastic containers (RPC)","NONE","NONE","Not Specified","NONE","Non-Organic","24","18","21"
"TOMATILLOS","23/02/19","CHICAGO","MEXICO","Not Specified","Not Specified","38 lb reusable plastic containers (RPC)","NONE","NONE","Not Specified","NONE","Non-Organic","20","18","19"
"TOMATILLOS","17/09/22","CHICAGO","MEXICO","Not Specified","Not Specified","38 lb reusable plastic containers (RPC)","NONE","NONE","Not Specified","NONE","Non-Organic","38","32","35"
"TOMATILLOS","10/12/22","CHICAGO","MEXICO","Not Specified","Not Specified","38 lb reusable plastic containers (RPC)","NONE","NONE","Not Specified","NONE","Non-Organic","35","21","28"
"TOMATILLOS","30/04/22","CHICAGO","MEXICO","Not Specified","Not Specified","38 lb reusable plastic containers (RPC)","NONE","NONE","Not Specified","NONE","Non-Organic","28","22","25"
"TOMATILLOS","12/03/22","CHICAGO","MEXICO","Not Specified","Not Specified","38 lb reusable plastic containers (RPC)","NONE","NONE","Not Specified","NONE","Non-Organic","22","18","20"
"TOMATILLOS","09/04/22","CHICAGO","MEXICO","Not Specified","Not Specified","38 lb reusable plastic containers (RPC)","NONE","NONE","Not Specified","NONE","Non-Organic","28","19","23.5"
"TOMATILLOS","16/04/22","CHICAGO","MEXICO","Not Specified","Not Specified","38 lb reusable plastic containers (RPC)","NONE","NONE","Not Specified","NONE","Non-Organic","28","19","23.5"
"TOMATILLOS","09/10/21","CHICAGO","MEXICO","Not Specified","Not Specified","38 lb reusable plastic containers (RPC)","NONE","NONE","Not Specified","NONE","Non-Organic","28","21","24.5"
"TOMATILLOS","18/06/22","CHICAGO","MEXICO","Not Specified","Not Specified","38 lb reusable plastic containers (RPC)","NONE","NONE","Not Specified","NONE","Non-Organic","24","18","21"
"TOMATILLOS","11/06/22","CHICAGO","MEXICO","Not Specified","Not Specified","38 lb reusable plastic containers (RPC)","NONE","NONE","Not Specified","NONE","Non-Organic","24","18","21"
"TOMATILLOS","19/11/22","CHICAGO","MEXICO","Not Specified","Not Specified","38 lb reusable plastic containers (RPC)","NONE","NONE","Not Specified","NONE","Non-Organic","35","33","34"
"TOMATILLOS","28/01/23","CHICAGO","MEXICO","Not Specified","Not Specified","38 lb reusable plastic containers (RPC)","NONE","NONE","Not Specified","NONE","Non-Organic","34","24","29"
"TOMATILLOS","28/05/22","CHICAGO","MEXICO","Not Specified","Not Specified","38 lb reusable plastic containers (RPC)","NONE","NONE","Not Specified","NONE","Non-Organic","24","19","21.5"
"TOMATILLOS","04/06/22","CHICAGO","MEXICO","Not Specified","Not Specified","38 lb reusable plastic containers (RPC)","NONE","NONE","Not Specified","NONE","Non-Organic","24","19","21.5"
"TOMATILLOS","21/05/22","CHICAGO","MEXICO","Not Specified","Not Specified","38 lb reusable plastic containers (RPC)","NONE","NONE","Not Specified","NONE","Non-Organic","24","19","21.5"
"TOMATILLOS","10/09/22","CHICAGO","MEXICO","Not Specified","Not Specified","38 lb reusable plastic containers (RPC)","NONE","NONE","Not Specified","NONE","Non-Organic","38","25","31.5"
"TOMATILLOS","23/07/22","CHICAGO","MEXICO","Not Specified","Not Specified","38 lb reusable plastic containers (RPC)","NONE","NONE","Not Specified","NONE","Non-Organic","24","18","21"
"TOMATILLOS","27/08/22","CHICAGO","MEXICO","Not Specified","Not Specified","38 lb reusable plastic containers (RPC)","NONE","NONE","Not Specified","NONE","Non-Organic","26","21","23.5"
"TOMATILLOS","26/06/21","CHICAGO","MEXICO","Not Specified","Not Specified","38 lb reusable plastic containers (RPC)","NONE","NONE","Not Specified","NONE","Non-Organic","24","18","21"
"TOMATILLOS","16/07/22","CHICAGO","MEXICO","Not Specified","Not Specified","38 lb reusable plastic containers (RPC)","NONE","NONE","Not Specified","NONE","Non-Organic","24","18","21"
"TOMATILLOS","23/04/22","CHICAGO","MEXICO","Not Specified","Not Specified","38 lb reusable plastic containers (RPC)","NONE","NONE","Not Specified","NONE","Non-Organic","28","22","25"
"TOMATILLOS","07/05/22","CHICAGO","MEXICO","Not Specified","Not Specified","38 lb reusable plastic containers (RPC)","NONE","NONE","Not Specified","NONE","Non-Organic","28","21","24.5"
"TOMATILLOS","14/05/22","CHICAGO","MEXICO","Not Specified","Not Specified","38 lb reusable plastic containers (RPC)","NONE","NONE","Not Specified","NONE","Non-Organic","24","19","21.5"
"TOMATILLOS","15/01/22","CHICAGO","MEXICO","Not Specified","Not Specified","38 lb reusable plastic containers (RPC)","NONE","NONE","Not Specified","NONE","Non-Organic","30","26","28"
"TOMATILLOS","08/01/22","CHICAGO","MEXICO","Not Specified","Not Specified","38 lb reusable plastic containers (RPC)","NONE","NONE","Not Specified","NONE","Non-Organic","30","26","28"
"TOMATILLOS","22/01/22","CHICAGO","MEXICO","Not Specified","Not Specified","38 lb reusable plastic containers (RPC)","NONE","NONE","Not Specified","NONE","Non-Organic","28","19","23.5"
"TOMATILLOS","06/11/21","CHICAGO","MEXICO","Not Specified","Not Specified","38 lb reusable plastic containers (RPC)","NONE","NONE","Not Specified","NONE","Non-Organic","40","26","33"
"TOMATILLOS","18/09/21","CHICAGO","MEXICO","Not Specified","Not Specified","38 lb reusable plastic containers (RPC)","NONE","NONE","Not Specified","NONE","Non-Organic","26","21","23.5"
"TOMATILLOS","04/12/21","CHICAGO","MEXICO","Not Specified","Not Specified","38 lb reusable plastic containers (RPC)","NONE","NONE","Not Specified","NONE","Non-Organic","51","40","45.5"
"TOMATILLOS","02/06/18","CHICAGO","MEXICO","Not Specified","Not Specified","38 lb reusable plastic containers (RPC)","NONE","NONE","Not Specified","NONE","Non-Organic","18","17","17.5"
"TOMATILLOS","05/03/22","CHICAGO","MEXICO","Not Specified","Not Specified","38 lb reusable plastic containers (RPC)","NONE","NONE","Not Specified","NONE","Non-Organic","22","18","20"
"TOMATILLOS","23/10/21","CHICAGO","MEXICO","Not Specified","Not Specified","38 lb reusable plastic containers (RPC)","NONE","NONE","Not Specified","NONE","Non-Organic","30","26","28"
"TOMATILLOS","26/02/22","CHICAGO","MEXICO","Not Specified","Not Specified","38 lb reusable plastic containers (RPC)","NONE","NONE","Not Specified","NONE","Non-Organic","22","18","20"
"TOMATILLOS","19/03/22","CHICAGO","MEXICO","Not Specified","Not Specified","38 lb reusable plastic containers (RPC)","NONE","NONE","Not Specified","NONE","Non-Organic","22","18","20"
"TOMATILLOS","18/12/21","CHICAGO","MEXICO","Not Specified","Not Specified","38 lb reusable plastic containers (RPC)","NONE","NONE","Not Specified","NONE","Non-Organic","40","25","32.5"
"TOMATILLOS","01/01/22","CHICAGO","MEXICO","Not Specified","Not Specified","38 lb reusable plastic containers (RPC)","NONE","NONE","Not Specified","NONE","Non-Organic","30","25","27.5"
"TOMATILLOS","25/12/21","CHICAGO","MEXICO","Not Specified","Not Specified","38 lb reusable plastic containers (RPC)","NONE","NONE","Not Specified","NONE","Non-Organic","28","26","27"
"TOMATILLOS","02/04/22","CHICAGO","MEXICO","Not Specified","Not Specified","38 lb reusable plastic containers (RPC)","NONE","NONE","Not Specified","NONE","Non-Organic","24","19","21.5"
"TOMATILLOS","11/12/21","CHICAGO","MEXICO","Not Specified","Not Specified","38 lb reusable plastic containers (RPC)","NONE","NONE","Not Specified","NONE","Non-Organic","51","28","39.5"
"TOMATILLOS","27/11/21","CHICAGO","MEXICO","Not Specified","Not Specified","38 lb reusable plastic containers (RPC)","NONE","NONE","Not Specified","NONE","Non-Organic","53","45","49"
"TOMATILLOS","20/11/21","CHICAGO","MEXICO","Not Specified","Not Specified","38 lb reusable plastic containers (RPC)","NONE","NONE","Not Specified","NONE","Non-Organic","53","45","49"
"TOMATILLOS","01/10/22","CHICAGO","MEXICO","Not Specified","Not Specified","38 lb reusable plastic containers (RPC)","NONE","NONE","Not Specified","NONE","Non-Organic","38","32","35"
"TOMATILLOS","02/07/22","CHICAGO","MEXICO","Not Specified","Not Specified","38 lb reusable plastic containers (RPC)","NONE","NONE","Not Specified","NONE","Non-Organic","24","18","21"
"TOMATILLOS","24/07/21","CHICAGO","MEXICO","Not Specified","Not Specified","38 lb reusable plastic containers (RPC)","NONE","NONE","Not Specified","NONE","Non-Organic","24","18","21"
"TOMATILLOS","05/02/22","CHICAGO","MEXICO","Not Specified","Not Specified","38 lb reusable plastic containers (RPC)","NONE","NONE","Not Specified","NONE","Non-Organic","24","18","21"
"TOMATILLOS","19/02/22","CHICAGO","MEXICO","Not Specified","Not Specified","38 lb reusable plastic containers (RPC)","NONE","NONE","Not Specified","NONE","Non-Organic","22","18","20"
"TOMATILLOS","12/02/22","CHICAGO","MEXICO","Not Specified","Not Specified","38 lb reusable plastic containers (RPC)","NONE","NONE","Not Specified","NONE","Non-Organic","22","18","20"
"TOMATILLOS","11/09/21","CHICAGO","MEXICO","Not Specified","Not Specified","38 lb reusable plastic containers (RPC)","NONE","NONE","Not Specified","NONE","Non-Organic","24","20","22"
"TOMATILLOS","02/10/21","CHICAGO","MEXICO","Not Specified","Not Specified","38 lb reusable plastic containers (RPC)","NONE","NONE","Not Specified","NONE","Non-Organic","26","21","23.5"
"TOMATILLOS","13/08/22","CHICAGO","MEXICO","Not Specified","Not Specified","38 lb reusable plastic containers (RPC)","NONE","NONE","Not Specified","NONE","Non-Organic","26","24","25"
"TOMATILLOS","18/01/20","CHICAGO","MEXICO","Not Specified","Not Specified","38 lb reusable plastic containers (RPC)","NONE","NONE","Not Specified","NONE","Non-Organic","26","18","22"
"TOMATILLOS","04/01/20","CHICAGO","MEXICO","Not Specified","Not Specified","38 lb reusable plastic containers (RPC)","NONE","NONE","Not Specified","NONE","Non-Organic","22","18","20"
"TOMATILLOS","28/12/19","CHICAGO","MEXICO","Not Specified","Not Specified","38 lb reusable plastic containers (RPC)","NONE","NONE","Not Specified","NONE","Non-Organic","22","18","20"
"TOMATILLOS","11/01/20","CHICAGO","MEXICO","Not Specified","Not Specified","38 lb reusable plastic containers (RPC)","NONE","NONE","Not Specified","NONE","Non-Organic","25","18","21.5"
"TOMATILLOS","12/06/21","CHICAGO","MEXICO","Not Specified","Not Specified","38 lb reusable plastic containers (RPC)","NONE","NONE","Not Specified","NONE","Non-Organic","24","20","22"
"TOMATILLOS","25/09/21","CHICAGO","MEXICO","Not Specified","Not Specified","38 lb reusable plastic containers (RPC)","NONE","NONE","Not Specified","NONE","Non-Organic","26","21","23.5"
"TOMATILLOS","25/06/22","CHICAGO","MEXICO","Not Specified","Not Specified","38 lb reusable plastic containers (RPC)","NONE","NONE","Not Specified","NONE","Non-Organic","24","18","21"
"TOMATILLOS","18/05/19","CHICAGO","MEXICO","Not Specified","Not Specified","38 lb reusable plastic containers (RPC)","NONE","NONE","Not Specified","NONE","Non-Organic","17","16","16.5"
"TOMATILLOS","26/03/22","CHICAGO","MEXICO","Not Specified","Not Specified","38 lb reusable plastic containers (RPC)","NONE","NONE","Not Specified","NONE","Non-Organic","24","18","21"
"TOMATILLOS","04/09/21","CHICAGO","MEXICO","Not Specified","Not Specified","38 lb reusable plastic containers (RPC)","NONE","NONE","Not Specified","NONE","Non-Organic","25","14","19.5"
"TOMATILLOS","06/08/22","CHICAGO","MEXICO","Not Specified","Not Specified","38 lb reusable plastic containers (RPC)","NONE","NONE","Not Specified","NONE","Non-Organic","24","24","24"
"TOMATILLOS","13/11/21","CHICAGO","MEXICO","Not Specified","Not Specified","38 lb reusable plastic containers (RPC)","NONE","NONE","Not Specified","NONE","Non-Organic","50","32","41"
"TOMATILLOS","03/07/21","CHICAGO","MEXICO","Not Specified","Not Specified","38 lb reusable plastic containers (RPC)","NONE","NONE","Not Specified","NONE","Non-Organic","24","18","21"
"TOMATILLOS","19/06/21","CHICAGO","MEXICO","Not Specified","Not Specified","38 lb reusable plastic containers (RPC)","NONE","NONE","Not Specified","NONE","Non-Organic","24","19","21.5"
"TOMATILLOS","27/03/21","CHICAGO","MEXICO","Not Specified","Not Specified","38 lb reusable plastic containers (RPC)","NONE","NONE","Not Specified","NONE","Non-Organic","20","18","19"
"TOMATILLOS","31/07/21","CHICAGO","MEXICO","Not Specified","Not Specified","38 lb reusable plastic containers (RPC)","NONE","NONE","Not Specified","NONE","Non-Organic","24","21","22.5"
"TOMATILLOS","20/03/21","CHICAGO","MEXICO","Not Specified","Not Specified","38 lb reusable plastic containers (RPC)","NONE","NONE","Not Specified","NONE","Non-Organic","20","16","18"
"TOMATILLOS","22/05/21","CHICAGO","MEXICO","Not Specified","Not Specified","38 lb reusable plastic containers (RPC)","NONE","NONE","Not Specified","NONE","Non-Organic","32","23","27.5"
"TOMATILLOS","15/05/21","CHICAGO","MEXICO","Not Specified","Not Specified","38 lb reusable plastic containers (RPC)","NONE","NONE","Not Specified","NONE","Non-Organic","32","25","28.5"
"TOMATILLOS","08/05/21","CHICAGO","MEXICO","Not Specified","Not Specified","38 lb reusable plastic containers (RPC)","NONE","NONE","Not Specified","NONE","Non-Organic","32","25","28.5"
"TOMATILLOS","02/05/20","CHICAGO","MEXICO","Not Specified","Not Specified","38 lb reusable plastic containers (RPC)","NONE","NONE","Not Specified","NONE","Non-Organic","23","18","20.5"
"TOMATILLOS","29/05/21","CHICAGO","MEXICO","Not Specified","Not Specified","38 lb reusable plastic containers (RPC)","NONE","NONE","Not Specified","NONE","Non-Organic","29","20","24.5"
"TOMATILLOS","25/04/20","CHICAGO","MEXICO","Not Specified","Not Specified","38 lb reusable plastic containers (RPC)","NONE","NONE","Not Specified","NONE","Non-Organic","23","18","20.5"
"TOMATILLOS","01/02/20","CHICAGO","MEXICO","Not Specified","Not Specified","38 lb reusable plastic containers (RPC)","NONE","NONE","Not Specified","NONE","Non-Organic","30","24","27"
"TOMATILLOS","25/01/20","CHICAGO","MEXICO","Not Specified","Not Specified","38 lb reusable plastic containers (RPC)","NONE","NONE","Not Specified","NONE","Non-Organic","30","23","26.5"
"TOMATILLOS","03/08/19","CHICAGO","MEXICO","Not Specified","Not Specified","38 lb reusable plastic containers (RPC)","NONE","NONE","Not Specified","NONE","Non-Organic","20","15","17.5"
"TOMATILLOS","17/08/19","CHICAGO","MEXICO","Not Specified","Not Specified","38 lb reusable plastic containers (RPC)","NONE","NONE","Not Specified","NONE","Non-Organic","17","15","16"
"TOMATILLOS","10/08/19","CHICAGO","MEXICO","Not Specified","Not Specified","38 lb reusable plastic containers (RPC)","NONE","NONE","Not Specified","NONE","Non-Organic","18","15","16.5"
"TOMATILLOS","10/10/20","CHICAGO","MEXICO","Not Specified","Not Specified","38 lb reusable plastic containers (RPC)","NONE","NONE","Not Specified","NONE","Non-Organic","28","16","22"
"TOMATILLOS","26/09/20","CHICAGO","MEXICO","Not Specified","Not Specified","38 lb reusable plastic containers (RPC)","NONE","NONE","Not Specified","NONE","Non-Organic","28","20","24"
"TOMATILLOS","09/01/21","CHICAGO","MEXICO","Not Specified","Not Specified","38 lb reusable plastic containers (RPC)","NONE","NONE","Not Specified","NONE","Non-Organic","20","13","16.5"
"TOMATILLOS","26/12/20","CHICAGO","MEXICO","Not Specified","Not Specified","38 lb reusable plastic containers (RPC)","NONE","NONE","Not Specified","NONE","Non-Organic","18","13","15.5"
"TOMATILLOS","01/05/21","CHICAGO","MEXICO","Not Specified","Not Specified","38 lb reusable plastic containers (RPC)","NONE","NONE","Not Specified","NONE","Non-Organic","32","20","26"
"TOMATILLOS","03/10/20","CHICAGO","MEXICO","Not Specified","Not Specified","38 lb reusable plastic containers (RPC)","NONE","NONE","Not Specified","NONE","Non-Organic","28","20","24"
"TOMATILLOS","19/12/20","CHICAGO","MEXICO","Not Specified","Not Specified","38 lb reusable plastic containers (RPC)","NONE","NONE","Not Specified","NONE","Non-Organic","18","13","15.5"
"TOMATILLOS","16/01/21","CHICAGO","MEXICO","Not Specified","Not Specified","38 lb reusable plastic containers (RPC)","NONE","NONE","Not Specified","NONE","Non-Organic","20","17","18.5"
"TOMATILLOS","17/10/20","CHICAGO","MEXICO","Not Specified","Not Specified","38 lb reusable plastic containers (RPC)","NONE","NONE","Not Specified","NONE","Non-Organic","25","16","20.5"
"TOMATILLOS","28/11/20","CHICAGO","MEXICO","Not Specified","Not Specified","38 lb reusable plastic containers (RPC)","NONE","NONE","Not Specified","NONE","Non-Organic","20","16","18"
"TOMATILLOS","07/03/20","CHICAGO","MEXICO","Not Specified","Not Specified","38 lb reusable plastic containers (RPC)","NONE","NONE","Not Specified","NONE","Non-Organic","40","30","35"
"TOMATILLOS","24/10/20","CHICAGO","MEXICO","Not Specified","Not Specified","38 lb reusable plastic containers (RPC)","NONE","NONE","Not Specified","NONE","Non-Organic","25","18.5","21.75"
"TOMATILLOS","22/08/20","CHICAGO","MEXICO","Not Specified","Not Specified","38 lb reusable plastic containers (RPC)","NONE","NONE","Not Specified","NONE","Non-Organic","25","18","21.5"
"TOMATILLOS","29/08/20","CHICAGO","MEXICO","Not Specified","Not Specified","38 lb reusable plastic containers (RPC)","NONE","NONE","Not Specified","NONE","Non-Organic","25","21","23"
"TOMATILLOS","09/05/20","CHICAGO","MEXICO","Not Specified","Not Specified","38 lb reusable plastic containers (RPC)","NONE","NONE","Not Specified","NONE","Non-Organic","22","18","20"
"TOMATILLOS","14/11/20","CHICAGO","MEXICO","Not Specified","Not Specified","38 lb reusable plastic containers (RPC)","NONE","NONE","Not Specified","NONE","Non-Organic","22","16","19"
"TOMATILLOS","31/10/20","CHICAGO","MEXICO","Not Specified","Not Specified","38 lb reusable plastic containers (RPC)","NONE","NONE","Not Specified","NONE","Non-Organic","22","16","19"
"TOMATILLOS","27/02/21","CHICAGO","MEXICO","Not Specified","Not Specified","38 lb reusable plastic containers (RPC)","NONE","NONE","Not Specified","NONE","Non-Organic","18.5","15","16.75"
"TOMATILLOS","15/08/20","CHICAGO","MEXICO","Not Specified","Not Specified","38 lb reusable plastic containers (RPC)","NONE","NONE","Not Specified","NONE","Non-Organic","22","18","20"
"TOMATILLOS","07/08/21","CHICAGO","MEXICO","Not Specified","Not Specified","38 lb reusable plastic containers (RPC)","NONE","NONE","Not Specified","NONE","Non-Organic","24","21","22.5"
"TOMATILLOS","06/03/21","CHICAGO","MEXICO","Not Specified","Not Specified","38 lb reusable plastic containers (RPC)","NONE","NONE","Not Specified","NONE","Non-Organic","18.5","16","17.25"
"TOMATILLOS","05/12/20","CHICAGO","MEXICO","Not Specified","Not Specified","38 lb reusable plastic containers (RPC)","NONE","NONE","Not Specified","NONE","Non-Organic","20","16","18"
"TOMATILLOS","11/04/20","CHICAGO","MEXICO","Not Specified","Not Specified","38 lb reusable plastic containers (RPC)","NONE","NONE","Not Specified","NONE","Non-Organic","40","20","30"
"TOMATILLOS","18/04/20","CHICAGO","MEXICO","Not Specified","Not Specified","38 lb reusable plastic containers (RPC)","NONE","NONE","Not Specified","NONE","Non-Organic","27","20","23.5"
"TOMATILLOS","06/06/20","CHICAGO","MEXICO","Not Specified","Not Specified","38 lb reusable plastic containers (RPC)","NONE","NONE","Not Specified","NONE","Non-Organic","23","15","19"
"TOMATILLOS","06/02/21","CHICAGO","MEXICO","Not Specified","Not Specified","38 lb reusable plastic containers (RPC)","NONE","NONE","Not Specified","NONE","Non-Organic","18.5","13","15.75"
"TOMATILLOS","21/03/20","CHICAGO","MEXICO","Not Specified","Not Specified","38 lb reusable plastic containers (RPC)","NONE","NONE","Not Specified","NONE","Non-Organic","48","35","41.5"
"TOMATILLOS","28/03/20","CHICAGO","MEXICO","Not Specified","Not Specified","38 lb reusable plastic containers (RPC)","NONE","NONE","Not Specified","NONE","Non-Organic","45","35","40"
"TOMATILLOS","14/03/20","CHICAGO","MEXICO","Not Specified","Not Specified","38 lb reusable plastic containers (RPC)","NONE","NONE","Not Specified","NONE","Non-Organic","48","30","39"
"TOMATILLOS","02/11/19","CHICAGO","MEXICO","Not Specified","Not Specified","38 lb reusable plastic containers (RPC)","NONE","NONE","Not Specified","NONE","Non-Organic","22","20","21"
"TOMATILLOS","09/11/19","CHICAGO","MEXICO","Not Specified","Not Specified","38 lb reusable plastic containers (RPC)","NONE","NONE","Not Specified","NONE","Non-Organic","22","21","21.5"
"TOMATILLOS","29/02/20","CHICAGO","MEXICO","Not Specified","Not Specified","38 lb reusable plastic containers (RPC)","NONE","NONE","Not Specified","NONE","Non-Organic","48","35","41.5"
"TOMATILLOS","13/06/20","CHICAGO","MEXICO","Not Specified","Not Specified","38 lb reusable plastic containers (RPC)","NONE","NONE","Not Specified","NONE","Non-Organic","23","14","18.5"
"TOMATILLOS","21/08/21","CHICAGO","MEXICO","Not Specified","Not Specified","38 lb reusable plastic containers (RPC)","NONE","NONE","Not Specified","NONE","Non-Organic","24","21","22.5"
"TOMATILLOS","30/05/20","CHICAGO","MEXICO","Not Specified","Not Specified","38 lb reusable plastic containers (RPC)","NONE","NONE","Not Specified","NONE","Non-Organic","23","15","19"
"TOMATILLOS","21/12/19","CHICAGO","MEXICO","Not Specified","Not Specified","38 lb reusable plastic containers (RPC)","NONE","NONE","Not Specified","NONE","Non-Organic","26","20","23"
"TOMATILLOS","12/12/20","CHICAGO","MEXICO","Not Specified","Not Specified","38 lb reusable plastic containers (RPC)","NONE","NONE","Not Specified","NONE","Non-Organic","18","15","16.5"
"TOMATILLOS","03/12/22","CHICAGO","MEXICO","Not Specified","Not Specified","38 lb reusable plastic containers (RPC)","NONE","NONE","Not Specified","NONE","Non-Organic","35","33","34"
"TOMATILLOS","19/09/20","CHICAGO","MEXICO","Not Specified","Not Specified","38 lb reusable plastic containers (RPC)","NONE","NONE","Not Specified","NONE","Non-Organic","28","20","24"
"TOMATILLOS","10/04/21","CHICAGO","MEXICO","Not Specified","Not Specified","38 lb reusable plastic containers (RPC)","NONE","NONE","Not Specified","NONE","Non-Organic","22","18","20"
"TOMATILLOS","22/02/20","CHICAGO","MEXICO","Not Specified","Not Specified","38 lb reusable plastic containers (RPC)","NONE","NONE","Not Specified","NONE","Non-Organic","52","40","46"
"TOMATILLOS","15/02/20","CHICAGO","MEXICO","Not Specified","Not Specified","38 lb reusable plastic containers (RPC)","NONE","NONE","Not Specified","NONE","Non-Organic","52","30","41"
"TOMATILLOS","08/02/20","CHICAGO","MEXICO","Not Specified","Not Specified","38 lb reusable plastic containers (RPC)","NONE","NONE","Not Specified","NONE","Non-Organic","34","24","29"
"TOMATILLOS","02/01/21","CHICAGO","MEXICO","Not Specified","Not Specified","38 lb reusable plastic containers (RPC)","NONE","NONE","Not Specified","NONE","Non-Organic","18","13","15.5"
"TOMATILLOS","07/12/19","CHICAGO","MEXICO","Not Specified","Not Specified","38 lb reusable plastic containers (RPC)","NONE","NONE","Not Specified","NONE","Non-Organic","23","20","21.5"
"TOMATILLOS","01/08/20","CHICAGO","MEXICO","Not Specified","Not Specified","38 lb reusable plastic containers (RPC)","NONE","NONE","Not Specified","NONE","Non-Organic","22","14","18"
"TOMATILLOS","28/08/21","CHICAGO","MEXICO","Not Specified","Not Specified","38 lb reusable plastic containers (RPC)","NONE","NONE","Not Specified","NONE","Non-Organic","25","14","19.5"
"TOMATILLOS","12/09/20","CHICAGO","MEXICO","Not Specified","Not Specified","38 lb reusable plastic containers (RPC)","NONE","NONE","Not Specified","NONE","Non-Organic","28","21","24.5"
"TOMATILLOS","05/09/20","CHICAGO","MEXICO","Not Specified","Not Specified","38 lb reusable plastic containers (RPC)","NONE","NONE","Not Specified","NONE","Non-Organic","25","21","23"
"TOMATILLOS","05/10/19","CHICAGO","MEXICO","Not Specified","Not Specified","38 lb reusable plastic containers (RPC)","NONE","NONE","Not Specified","NONE","Non-Organic","21","20","20.5"
"TOMATILLOS","23/05/20","CHICAGO","MEXICO","Not Specified","Not Specified","38 lb reusable plastic containers (RPC)","NONE","NONE","Not Specified","NONE","Non-Organic","22","15","18.5"
"TOMATILLOS","08/08/20","CHICAGO","MEXICO","Not Specified","Not Specified","38 lb reusable plastic containers (RPC)","NONE","NONE","Not Specified","NONE","Non-Organic","22","18","20"
"TOMATILLOS","21/09/19","CHICAGO","MEXICO","Not Specified","Not Specified","38 lb reusable plastic containers (RPC)","NONE","NONE","Not Specified","NONE","Non-Organic","20","19","19.5"
"TOMATILLOS","07/09/19","CHICAGO","MEXICO","Not Specified","Not Specified","38 lb reusable plastic containers (RPC)","NONE","NONE","Not Specified","NONE","Non-Organic","17","15","16"
"TOMATILLOS","07/11/20","CHICAGO","MEXICO","Not Specified","Not Specified","38 lb reusable plastic containers (RPC)","NONE","NONE","Not Specified","NONE","Non-Organic","22","16","19"
"TOMATILLOS","10/07/21","CHICAGO","MEXICO","Not Specified","Not Specified","38 lb reusable plastic containers (RPC)","NONE","NONE","Not Specified","NONE","Non-Organic","23","18","20.5"
"TOMATILLOS","30/11/19","CHICAGO","MEXICO","Not Specified","Not Specified","38 lb reusable plastic containers (RPC)","NONE","NONE","Not Specified","NONE","Non-Organic","23","18","20.5"
"TOMATILLOS","27/06/20","CHICAGO","MEXICO","Not Specified","Not Specified","38 lb reusable plastic containers (RPC)","NONE","NONE","Not Specified","NONE","Non-Organic","20","14","17"
"TOMATILLOS","11/07/20","CHICAGO","MEXICO","Not Specified","Not Specified","38 lb reusable plastic containers (RPC)","NONE","NONE","Not Specified","NONE","Non-Organic","18.5","12","15.25"
"TOMATILLOS","18/07/20","CHICAGO","MEXICO","Not Specified","Not Specified","38 lb reusable plastic containers (RPC)","NONE","NONE","Not Specified","NONE","Non-Organic","18.5","12","15.25"
"TOMATILLOS","20/06/20","CHICAGO","MEXICO","Not Specified","Not Specified","38 lb reusable plastic containers (RPC)","NONE","NONE","Not Specified","NONE","Non-Organic","20","14","17"
"TOMATILLOS","17/07/21","CHICAGO","MEXICO","Not Specified","Not Specified","38 lb reusable plastic containers (RPC)","NONE","NONE","Not Specified","NONE","Non-Organic","24","19","21.5"
"TOMATILLOS","25/07/20","CHICAGO","MEXICO","Not Specified","Not Specified","38 lb reusable plastic containers (RPC)","NONE","NONE","Not Specified","NONE","Non-Organic","18.5","12","15.25"
"TOMATILLOS","13/03/21","CHICAGO","MEXICO","Not Specified","Not Specified","38 lb reusable plastic containers (RPC)","NONE","NONE","Not Specified","NONE","Non-Organic","18.5","16","17.25"
"TOMATILLOS","20/07/19","CHICAGO","MEXICO","Not Specified","Not Specified","38 lb reusable plastic containers (RPC)","NONE","NONE","Not Specified","NONE","Non-Organic","20","18","19"
"TOMATILLOS","21/11/20","CHICAGO","MEXICO","Not Specified","Not Specified","38 lb reusable plastic containers (RPC)","NONE","NONE","Not Specified","NONE","Non-Organic","20","16","18"
"TOMATILLOS","16/05/20","CHICAGO","MEXICO","Not Specified","Not Specified","38 lb reusable plastic containers (RPC)","NONE","NONE","Not Specified","NONE","Non-Organic","26","19","22.5"
"TOMATILLOS","14/08/21","CHICAGO","MEXICO","Not Specified","Not Specified","38 lb reusable plastic containers (RPC)","NONE","NONE","Not Specified","NONE","Non-Organic","24","21","22.5"
"TOMATILLOS","04/04/20","CHICAGO","MEXICO","Not Specified","Not Specified","38 lb reusable plastic containers (RPC)","NONE","NONE","Not Specified","NONE","Non-Organic","40","31","35.5"
"TOMATILLOS","30/10/21","CHICAGO","MEXICO","Not Specified","Not Specified","38 lb reusable plastic containers (RPC)","NONE","NONE","Not Specified","NONE","Non-Organic","30","26","28"
"TOMATILLOS","16/10/21","CHICAGO","MEXICO","Not Specified","Not Specified","38 lb reusable plastic containers (RPC)","NONE","NONE","Not Specified","NONE","Non-Organic","28","21","24.5"
"TOMATILLOS","08/06/19","CHICAGO","MEXICO","Not Specified","Not Specified","38 lb reusable plastic containers (RPC)","NONE","NONE","Not Specified","NONE","Non-Organic","16","15","15.5"
"TOMATILLOS","04/07/20","CHICAGO","MEXICO","Not Specified","Not Specified","38 lb reusable plastic containers (RPC)","NONE","NONE","Not Specified","NONE","Non-Organic","19","12","15.5"
"TOMATILLOS","11/05/19","CHICAGO","MEXICO","Not Specified","Not Specified","38 lb reusable plastic containers (RPC)","NONE","NONE","Not Specified","NONE","Non-Organic","17","16","16.5"
"TOMATILLOS","14/12/19","CHICAGO","MEXICO","Not Specified","Not Specified","38 lb reusable plastic containers (RPC)","NONE","NONE","Not Specified","NONE","Non-Organic","26","20","23"
"TOMATILLOS","13/02/21","CHICAGO","MEXICO","Not Specified","Not Specified","38 lb reusable plastic containers (RPC)","NONE","NONE","Not Specified","NONE","Non-Organic","20","13","16.5"
"TOMATILLOS","27/04/19","CHICAGO","MEXICO","Not Specified","Not Specified","38 lb reusable plastic containers (RPC)","NONE","NONE","Not Specified","NONE","Non-Organic","19","16","17.5"
"TOMATILLOS","17/04/21","CHICAGO","MEXICO","Not Specified","Not Specified","38 lb reusable plastic containers (RPC)","NONE","NONE","Not Specified","NONE","Non-Organic","22","18","20"
"TOMATILLOS","23/11/19","CHICAGO","MEXICO","Not Specified","Not Specified","38 lb reusable plastic containers (RPC)","NONE","NONE","Not Specified","NONE","Non-Organic","21","18","19.5"
"TOMATILLOS","16/11/19","CHICAGO","MEXICO","Not Specified","Not Specified","38 lb reusable plastic containers (RPC)","NONE","NONE","Not Specified","NONE","Non-Organic","22","20","21"
"TOMATILLOS","05/06/21","CHICAGO","MEXICO","Not Specified","Not Specified","38 lb reusable plastic containers (RPC)","NONE","NONE","Not Specified","NONE","Non-Organic","24","20","22"
"TOMATILLOS","28/09/19","CHICAGO","MEXICO","Not Specified","Not Specified","38 lb reusable plastic containers (RPC)","NONE","NONE","Not Specified","NONE","Non-Organic","22","19","20.5"
"TOMATILLOS","06/04/19","CHICAGO","MEXICO","Not Specified","Not Specified","38 lb reusable plastic containers (RPC)","NONE","NONE","Not Specified","NONE","Non-Organic","19","18","18.5"
"TOMATILLOS","13/04/19","CHICAGO","MEXICO","Not Specified","Not Specified","38 lb reusable plastic containers (RPC)","NONE","NONE","Not Specified","NONE","Non-Organic","19","18","18.5"
"TOMATILLOS","30/03/19","CHICAGO","MEXICO","Not Specified","Not Specified","38 lb reusable plastic containers (RPC)","NONE","NONE","Not Specified","NONE","Non-Organic","19","17","18"
"TOMATILLOS","02/03/19","CHICAGO","MEXICO","Not Specified","Not Specified","38 lb reusable plastic containers (RPC)","NONE","NONE","Not Specified","NONE","Non-Organic","20","18","19"
"TOMATILLOS","24/08/19","CHICAGO","MEXICO","Not Specified","Not Specified","38 lb reusable plastic containers (RPC)","NONE","NONE","Not Specified","NONE","Non-Organic","17","15","16"
"TOMATILLOS","03/09/22","CHICAGO","MEXICO","Not Specified","Not Specified","38 lb reusable plastic containers (RPC)","NONE","NONE","Not Specified","NONE","Non-Organic","26","21","23.5"
"TOMATILLOS","16/02/19","CHICAGO","MEXICO","Not Specified","Not Specified","38 lb reusable plastic containers (RPC)","NONE","NONE","Not Specified","NONE","Non-Organic","20","18","19"
"TOMATILLOS","24/04/21","CHICAGO","MEXICO","Not Specified","Not Specified","38 lb reusable plastic containers (RPC)","NONE","NONE","Not Specified","NONE","Non-Organic","24","18","21"
"TOMATILLOS","26/01/19","CHICAGO","MEXICO","Not Specified","Not Specified","38 lb reusable plastic containers (RPC)","NONE","NONE","Not Specified","NONE","Non-Organic","34","32","33"
"TOMATILLOS","19/01/19","CHICAGO","MEXICO","Not Specified","Not Specified","38 lb reusable plastic containers (RPC)","NONE","NONE","Not Specified","NONE","Non-Organic","34","32","33"
"TOMATILLOS","12/01/19","CHICAGO","MEXICO","Not Specified","Not Specified","38 lb reusable plastic containers (RPC)","NONE","NONE","Not Specified","NONE","Non-Organic","38","36","37"
"TOMATILLOS","27/07/19","CHICAGO","MEXICO","Not Specified","Not Specified","38 lb reusable plastic containers (RPC)","NONE","NONE","Not Specified","NONE","Non-Organic","20","18","19"
"TOMATILLOS","22/12/18","CHICAGO","MEXICO","Not Specified","Not Specified","38 lb reusable plastic containers (RPC)","NONE","NONE","Not Specified","NONE","Non-Organic","38","36","37"
"TOMATILLOS","13/07/19","CHICAGO","MEXICO","Not Specified","Not Specified","38 lb reusable plastic containers (RPC)","NONE","NONE","Not Specified","NONE","Non-Organic","20","18","19"
"TOMATILLOS","30/01/21","CHICAGO","MEXICO","Not Specified","Not Specified","38 lb reusable plastic containers (RPC)","NONE","NONE","Not Specified","NONE","Non-Organic","20","13","16.5"
"TOMATILLOS","29/06/19","CHICAGO","MEXICO","Not Specified","Not Specified","38 lb reusable plastic containers (RPC)","NONE","NONE","Not Specified","NONE","Non-Organic","20","18","19"
"TOMATILLOS","01/12/18","CHICAGO","MEXICO","Not Specified","Not Specified","38 lb reusable plastic containers (RPC)","NONE","NONE","Not Specified","NONE","Non-Organic","33","30","31.5"
"TOMATILLOS","06/07/19","CHICAGO","MEXICO","Not Specified","Not Specified","38 lb reusable plastic containers (RPC)","NONE","NONE","Not Specified","NONE","Non-Organic","20","18","19"
"TOMATILLOS","01/06/19","CHICAGO","MEXICO","Not Specified","Not Specified","38 lb reusable plastic containers (RPC)","NONE","NONE","Not Specified","NONE","Non-Organic","16","15","15.5"
"TOMATILLOS","25/05/19","CHICAGO","MEXICO","Not Specified","Not Specified","38 lb reusable plastic containers (RPC)","NONE","NONE","Not Specified","NONE","Non-Organic","17","15","16"
"TOMATILLOS","24/11/18","CHICAGO","MEXICO","Not Specified","Not Specified","38 lb reusable plastic containers (RPC)","NONE","NONE","Not Specified","NONE","Non-Organic","32","30","31"
"TOMATILLOS","26/10/19","CHICAGO","MEXICO","Not Specified","Not Specified","38 lb reusable plastic containers (RPC)","NONE","NONE","Not Specified","NONE","Non-Organic","22","20","21"
"TOMATILLOS","23/03/19","CHICAGO","MEXICO","Not Specified","Not Specified","38 lb reusable plastic containers (RPC)","NONE","NONE","Not Specified","NONE","Non-Organic","20","17","18.5"
"TOMATILLOS","17/11/18","CHICAGO","MEXICO","Not Specified","Not Specified","38 lb reusable plastic containers (RPC)","NONE","NONE","Not Specified","NONE","Non-Organic","32","28","30"
"TOMATILLOS","14/09/19","CHICAGO","MEXICO","Not Specified","Not Specified","38 lb reusable plastic containers (RPC)","NONE","NONE","Not Specified","NONE","Non-Organic","20","15","17.5"
"TOMATILLOS","02/02/19","CHICAGO","MEXICO","Not Specified","Not Specified","38 lb reusable plastic containers (RPC)","NONE","NONE","Not Specified","NONE","Non-Organic","34","32","33"
"TOMATILLOS","31/08/19","CHICAGO","MEXICO","Not Specified","Not Specified","38 lb reusable plastic containers (RPC)","NONE","NONE","Not Specified","NONE","Non-Organic","17","15","16"
"TOMATILLOS","06/10/18","CHICAGO","MEXICO","Not Specified","Not Specified","38 lb reusable plastic containers (RPC)","NONE","NONE","Not Specified","NONE","Non-Organic","26","22","24"
"TOMATILLOS","29/12/18","CHICAGO","MEXICO","Not Specified","Not Specified","38 lb reusable plastic containers (RPC)","NONE","NONE","Not Specified","NONE","Non-Organic","38","36","37"
"TOMATILLOS","29/09/18","CHICAGO","MEXICO","Not Specified","Not Specified","38 lb reusable plastic containers (RPC)","NONE","NONE","Not Specified","NONE","Non-Organic","24","22","23"
"TOMATILLOS","16/03/19","CHICAGO","MEXICO","Not Specified","Not Specified","38 lb reusable plastic containers (RPC)","NONE","NONE","Not Specified","NONE","Non-Organic","20","18","19"
"TOMATILLOS","10/11/18","CHICAGO","MEXICO","Not Specified","Not Specified","38 lb reusable plastic containers (RPC)","NONE","NONE","Not Specified","NONE","Non-Organic","30","28","29"
"TOMATILLOS","05/01/19","CHICAGO","MEXICO","Not Specified","Not Specified","38 lb reusable plastic containers (RPC)","NONE","NONE","Not Specified","NONE","Non-Organic","38","36","37"
"TOMATILLOS","03/11/18","CHICAGO","MEXICO","Not Specified","Not Specified","38 lb reusable plastic containers (RPC)","NONE","NONE","Not Specified","NONE","Non-Organic","30","24","27"
"TOMATILLOS","22/09/18","CHICAGO","MEXICO","Not Specified","Not Specified","38 lb reusable plastic containers (RPC)","NONE","NONE","Not Specified","NONE","Non-Organic","24","22","23"
"TOMATILLOS","15/12/18","CHICAGO","MEXICO","Not Specified","Not Specified","38 lb reusable plastic containers (RPC)","NONE","NONE","Not Specified","NONE","Non-Organic","38","30","34"
"TOMATILLOS","15/09/18","CHICAGO","MEXICO","Not Specified","Not Specified","38 lb reusable plastic containers (RPC)","NONE","NONE","Not Specified","NONE","Non-Organic","23","20","21.5"
"TOMATILLOS","08/09/18","CHICAGO","MEXICO","Not Specified","Not Specified","38 lb reusable plastic containers (RPC)","NONE","NONE","Not Specified","NONE","Non-Organic","24","20","22"
"TOMATILLOS","19/10/19","CHICAGO","MEXICO","Not Specified","Not Specified","38 lb reusable plastic containers (RPC)","NONE","NONE","Not Specified","NONE","Non-Organic","22","20","21"
"TOMATILLOS","04/05/19","CHICAGO","MEXICO","Not Specified","Not Specified","38 lb reusable plastic containers (RPC)","NONE","NONE","Not Specified","NONE","Non-Organic","17","16","16.5"
"TOMATILLOS","18/08/18","CHICAGO","MEXICO","Not Specified","Not Specified","38 lb reusable plastic containers (RPC)","NONE","NONE","Not Specified","NONE","Non-Organic","28","24","26"
"TOMATILLOS","08/12/18","CHICAGO","MEXICO","Not Specified","Not Specified","38 lb reusable plastic containers (RPC)","NONE","NONE","Not Specified","NONE","Non-Organic","33","30","31.5"
"TOMATILLOS","09/03/19","CHICAGO","MEXICO","Not Specified","Not Specified","38 lb reusable plastic containers (RPC)","NONE","NONE","Not Specified","NONE","Non-Organic","20","18","19"
"TOMATILLOS","04/08/18","CHICAGO","MEXICO","Not Specified","Not Specified","38 lb reusable plastic containers (RPC)","NONE","NONE","Not Specified","NONE","Non-Organic","30","28","29"
"TOMATILLOS","27/10/18","CHICAGO","MEXICO","Not Specified","Not Specified","38 lb reusable plastic containers (RPC)","NONE","NONE","Not Specified","NONE","Non-Organic","26","24","25"
"TOMATILLOS","20/10/18","CHICAGO","MEXICO","Not Specified","Not Specified","38 lb reusable plastic containers (RPC)","NONE","NONE","Not Specified","NONE","Non-Organic","26","24","25"
"TOMATILLOS","09/02/19","CHICAGO","MEXICO","Not Specified","Not Specified","38 lb reusable plastic containers (RPC)","NONE","NONE","Not Specified","NONE","Non-Organic","34","18","26"
"TOMATILLOS","13/10/18","CHICAGO","MEXICO","Not Specified","Not Specified","38 lb reusable plastic containers (RPC)","NONE","NONE","Not Specified","NONE","Non-Organic","26","24","25"
"TOMATILLOS","21/07/18","CHICAGO","MEXICO","Not Specified","Not Specified","38 lb reusable plastic containers (RPC)","NONE","NONE","Not Specified","NONE","Non-Organic","32","26","29"
"TOMATILLOS","14/07/18","CHICAGO","MEXICO","Not Specified","Not Specified","38 lb reusable plastic containers (RPC)","NONE","NONE","Not Specified","NONE","Non-Organic","27","26","26.5"
"TOMATILLOS","25/08/18","CHICAGO","MEXICO","Not Specified","Not Specified","38 lb reusable plastic containers (RPC)","NONE","NONE","Not Specified","NONE","Non-Organic","24","22","23"
"TOMATILLOS","07/07/18","CHICAGO","MEXICO","Not Specified","Not Specified","38 lb reusable plastic containers (RPC)","NONE","NONE","Not Specified","NONE","Non-Organic","20","18","19"
"TOMATILLOS","05/05/18","CHICAGO","MEXICO","Not Specified","Not Specified","38 lb reusable plastic containers (RPC)","NONE","NONE","Not Specified","NONE","Non-Organic","20","18","19"
"TOMATILLOS","28/04/18","CHICAGO","MEXICO","Not Specified","Not Specified","38 lb reusable plastic containers (RPC)","NONE","NONE","Not Specified","NONE","Non-Organic","20","18","19"
"TOMATILLOS","11/08/18","CHICAGO","MEXICO","Not Specified","Not Specified","38 lb reusable plastic containers (RPC)","NONE","NONE","Not Specified","NONE","Non-Organic","30","26","28"
"TOMATILLOS","30/06/18","CHICAGO","MEXICO","Not Specified","Not Specified","38 lb reusable plastic containers (RPC)","NONE","NONE","Not Specified","NONE","Non-Organic","20","18","19"
"TOMATILLOS","31/03/18","CHICAGO","MEXICO","Not Specified","Not Specified","38 lb reusable plastic containers (RPC)","NONE","NONE","Not Specified","NONE","Non-Organic","20","20","20"
"TOMATILLOS","23/06/18","CHICAGO","MEXICO","Not Specified","Not Specified","38 lb reusable plastic containers (RPC)","NONE","NONE","Not Specified","NONE","Non-Organic","20","18","19"
"TOMATILLOS","16/06/18","CHICAGO","MEXICO","Not Specified","Not Specified","38 lb reusable plastic containers (RPC)","NONE","NONE","Not Specified","NONE","Non-Organic","19","18","18.5"
